<?xml version="1.0" encoding="UTF-8"?>
<project-private xmlns="http://www.netbeans.org/ns/project-private/1">
    <editor-bookmarks xmlns="http://www.netbeans.org/ns/editor-bookmarks/2" lastBookmarkId="0"/>
    <open-files xmlns="http://www.netbeans.org/ns/projectui-open-files/2">
        <group>
            <file>file:/C:/Users/ANJANA%20SAHU/OneDrive/Documents/NetBeansProjects/pickleball/src/java/dao/PlayerDAO.java</file>
            <file>file:/C:/Users/ANJANA%20SAHU/OneDrive/Documents/NetBeansProjects/pickleball/web/newjsp.jsp</file>
            <file>file:/C:/Users/ANJANA%20SAHU/OneDrive/Documents/NetBeansProjects/pickleball/src/java/helper/ConnectionProvider.java</file>
            <file>file:/C:/Users/ANJANA%20SAHU/OneDrive/Documents/NetBeansProjects/pickleball/src/java/controller/playerRegisterServlet.java</file>
            <file>file:/C:/Users/ANJANA%20SAHU/OneDrive/Documents/NetBeansProjects/pickleball/web/registration.jsp</file>
            <file>file:/C:/Users/ANJANA%20SAHU/OneDrive/Documents/NetBeansProjects/pickleball/src/java/dto/Player.java</file>
        </group>
    </open-files>
</project-private>
